Name,Total,Refunded Amount,Shipping Country,Lineitem sku,Lineitem quantity,Lineitem price,Lineitem name,Created at
#D1001,27.60,0.00,DE,SKU-001,1,24.90,Product 1,2026-10-02 09:14:00 +0200
#D1002,34.90,0.00,AT,SKU-002,1,34.90,Product 2,2026-10-02 11:02:00 +0200
#D1003,44.80,0.00,DE,SKU-001,1,24.90,Product 1,2026-10-03 08:30:00 +0200
#D1003,,,DE,SKU-003,1,19.90,Product 3,2026-10-03 08:30:00 +0200
#D1004,24.90,24.90,DE,SKU-001,1,24.90,Product 1,2026-10-03 15:47:00 +0200
#D1005,69.80,0.00,NL,SKU-002,2,34.90,Product 2,2026-10-04 10:05:00 +0200
#D1006,29.90,0.00,FR,SKU-004,1,29.90,Product 4,2026-10-05 12:20:00 +0200
#D1007,24.90,0.00,DE,SKU-001,1,24.90,Product 1,2026-10-05 18:09:00 +0200
#D1008,19.90,0.00,DE,SKU-003,1,19.90,Product 3,2026-10-06 09:55:00 +0200
#D1009,54.80,0.00,AT,SKU-001,1,24.90,Product 1,2026-10-06 14:12:00 +0200
#D1009,,,AT,SKU-003,1,19.90,Product 3,2026-10-06 14:12:00 +0200
#D1010,34.90,0.00,DE,SKU-002,1,34.90,Product 2,2026-10-07 10:40:00 +0200
